scope,analysis_id,metric,mode,dataset_count,rank_by_average_dataset_rank,method,average_dataset_rank,mean_score,rank_by_mean_score
all_42,default_f_measure,f_measure,default,35,1,binseg,4.5,0.7443997777983046,1
all_42,default_f_measure,f_measure,default,35,2,pelt,4.8428571428571425,0.7099924057983468,2
all_42,default_f_measure,f_measure,default,35,3,bocpd,5.4,0.689621795393962,5
all_42,default_f_measure,f_measure,default,35,4,saa_change_point_adapter_v1,5.614285714285714,0.6940948823536094,4
all_42,default_f_measure,f_measure,default,35,5,segneigh,5.857142857142857,0.6755447125972693,6
all_42,default_f_measure,f_measure,default,35,6,amoc,6.042857142857143,0.703711170749196,3
all_42,default_f_measure,f_measure,default,35,7,zero,7.071428571428571,0.6689673850347646,7
all_42,default_f_measure,f_measure,default,35,8,cpnp,7.171428571428572,0.606694401598398,8
all_42,default_f_measure,f_measure,default,35,9,ecp,7.6,0.5977104072816342,9
all_42,default_f_measure,f_measure,default,35,10,bocpdms,9.485714285714286,0.5079330247715601,10
all_42,default_f_measure,f_measure,default,35,11,rfpop,9.585714285714285,0.49945266026664437,11
all_42,default_f_measure,f_measure,default,35,12,prophet,10.085714285714285,0.4877416710107916,12
all_42,default_f_measure,f_measure,default,35,13,wbs,10.885714285714286,0.41170625433415853,14
all_42,default_f_measure,f_measure,default,35,14,rbocpdms,11.028571428571428,0.444856817239391,13
all_42,default_f_measure,f_measure,default,35,15,kcpa,14.82857142857143,0.11100654565605475,15
all_42,default_covering,covering,default,35,1,binseg,4.928571428571429,0.70579896408019,1
all_42,default_covering,covering,default,35,2,pelt,5.042857142857143,0.6887982763875491,3
all_42,default_covering,covering,default,35,3,amoc,5.357142857142857,0.7016046192329133,2
all_42,default_covering,covering,default,35,4,segneigh,5.4714285714285715,0.6764096097701928,4
all_42,default_covering,covering,default,35,5,saa_change_point_adapter_v1,6.142857142857143,0.6542353777493705,5
all_42,default_covering,covering,default,35,6,bocpd,6.442857142857143,0.6360185829021707,7
all_42,default_covering,covering,default,35,7,rbocpdms,7.457142857142857,0.6453923468391667,6
all_42,default_covering,covering,default,35,8,bocpdms,7.485714285714286,0.6336695943046838,8
all_42,default_covering,covering,default,35,9,zero,7.828571428571428,0.5827265439457162,9
all_42,default_covering,covering,default,35,10,prophet,8.414285714285715,0.5398692159926469,10
all_42,default_covering,covering,default,35,11,ecp,8.585714285714285,0.5227479496889799,12
all_42,default_covering,covering,default,35,12,cpnp,8.942857142857143,0.5353405166075144,11
all_42,default_covering,covering,default,35,13,rfpop,11.428571428571429,0.392426611780092,13
all_42,default_covering,covering,default,35,14,wbs,11.571428571428571,0.3302055281873809,14
all_42,default_covering,covering,default,35,15,kcpa,14.9,0.06195496367295865,15
all_42,oracle_f_measure,f_measure,oracle,37,1,bocpd,4.472972972972973,0.896194180858914,1
all_42,oracle_f_measure,f_measure,oracle,37,2,binseg,4.702702702702703,0.8865484655921935,3
all_42,oracle_f_measure,f_measure,oracle,37,3,segneigh,4.851351351351352,0.8869375753464692,2
all_42,oracle_f_measure,f_measure,oracle,37,4,rfpop,4.972972972972973,0.8841991478755036,4
all_42,oracle_f_measure,f_measure,oracle,37,5,pelt,5.405405405405405,0.8770725975222223,5
all_42,oracle_f_measure,f_measure,oracle,37,6,saa_change_point_adapter_v1,5.6891891891891895,0.8698657536978129,6
all_42,oracle_f_measure,f_measure,oracle,37,7,cpnp,6.3108108108108105,0.8605479598073755,7
all_42,oracle_f_measure,f_measure,oracle,37,8,ecp,7.324324324324325,0.7965989034220683,9
all_42,oracle_f_measure,f_measure,oracle,37,9,amoc,7.986486486486487,0.7989121074618577,8
all_42,oracle_f_measure,f_measure,oracle,37,10,kcpa,9.824324324324325,0.7101812180833846,10
all_42,oracle_f_measure,f_measure,oracle,37,11,rbocpdms,10.743243243243244,0.6646682404397922,11
all_42,oracle_f_measure,f_measure,oracle,37,12,bocpdms,10.95945945945946,0.6593937628963211,13
all_42,oracle_f_measure,f_measure,oracle,37,13,zero,11.513513513513514,0.6623749098695176,12
all_42,oracle_f_measure,f_measure,oracle,37,14,wbs,12.094594594594595,0.53272939791096,15
all_42,oracle_f_measure,f_measure,oracle,37,15,prophet,13.14864864864865,0.5343546652863759,14
all_42,oracle_covering,covering,oracle,37,1,bocpd,4.418918918918919,0.8010718250706466,2
all_42,oracle_covering,covering,oracle,37,2,rfpop,5.324324324324325,0.8020057796693058,1
all_42,oracle_covering,covering,oracle,37,3,saa_change_point_adapter_v1,5.418918918918919,0.7906145862398096,6
all_42,oracle_covering,covering,oracle,37,4,segneigh,5.5,0.7958965076210512,3
all_42,oracle_covering,covering,oracle,37,5,binseg,5.675675675675675,0.7935256244494294,4
all_42,oracle_covering,covering,oracle,37,6,pelt,6.094594594594595,0.791873263732147,5
all_42,oracle_covering,covering,oracle,37,7,cpnp,7.121621621621622,0.780427253811854,7
all_42,oracle_covering,covering,oracle,37,8,amoc,7.256756756756757,0.7459885613899409,9
all_42,oracle_covering,covering,oracle,37,9,ecp,8.027027027027026,0.7201127249564853,11
all_42,oracle_covering,covering,oracle,37,10,bocpdms,9.08108108108108,0.7748768452026202,8
all_42,oracle_covering,covering,oracle,37,11,rbocpdms,9.31081081081081,0.7438431048621533,10
all_42,oracle_covering,covering,oracle,37,12,kcpa,10.18918918918919,0.6360963022497393,12
all_42,oracle_covering,covering,oracle,37,13,zero,11.108108108108109,0.5787669555339219,13
all_42,oracle_covering,covering,oracle,37,14,prophet,11.85135135135135,0.5758811787394214,14
all_42,oracle_covering,covering,oracle,37,15,wbs,13.621621621621621,0.4280362656974794,15
real_world_37,default_f_measure,f_measure,default,30,1,binseg,4.566666666666666,0.7060421650071129,1
real_world_37,default_f_measure,f_measure,default,30,2,pelt,4.85,0.6707806137822817,2
real_world_37,default_f_measure,f_measure,default,30,3,bocpd,5.366666666666666,0.655974286407111,5
real_world_37,default_f_measure,f_measure,default,30,4,saa_change_point_adapter_v1,5.5,0.6639440294125443,3
real_world_37,default_f_measure,f_measure,default,30,5,segneigh,6.033333333333333,0.6305916383810247,7
real_world_37,default_f_measure,f_measure,default,30,6,amoc,6.333333333333333,0.6606789055566017,4
real_world_37,default_f_measure,f_measure,default,30,7,zero,6.9,0.651667911266846,6
real_world_37,default_f_measure,f_measure,default,30,8,cpnp,6.983333333333333,0.579620462704661,8
real_world_37,default_f_measure,f_measure,default,30,9,ecp,7.7,0.5620011731676045,9
real_world_37,default_f_measure,f_measure,default,30,10,bocpdms,9.25,0.4946433234207014,10
real_world_37,default_f_measure,f_measure,default,30,11,rfpop,9.566666666666666,0.4765042941206089,11
real_world_37,default_f_measure,f_measure,default,30,12,prophet,9.866666666666667,0.4674620634599455,12
real_world_37,default_f_measure,f_measure,default,30,13,rbocpdms,10.983333333333333,0.4236812680526978,13
real_world_37,default_f_measure,f_measure,default,30,14,wbs,11.3,0.35308920983930864,14
real_world_37,default_f_measure,f_measure,default,30,15,kcpa,14.8,0.12586458457510546,15
real_world_37,default_covering,covering,default,30,1,binseg,4.783333333333333,0.6758333615093761,1
real_world_37,default_covering,covering,default,30,2,pelt,4.966666666666667,0.6553280528368262,3
real_world_37,default_covering,covering,default,30,3,amoc,5.383333333333334,0.6694320265918579,2
real_world_37,default_covering,covering,default,30,4,segneigh,5.466666666666667,0.6408746084499105,4
real_world_37,default_covering,covering,default,30,5,saa_change_point_adapter_v1,5.95,0.6334479460833579,5
real_world_37,default_covering,covering,default,30,6,bocpd,6.666666666666667,0.5979459062764753,7
real_world_37,default_covering,covering,default,30,7,bocpdms,7.283333333333333,0.5875729638843767,8
real_world_37,default_covering,covering,default,30,8,rbocpdms,7.35,0.5988006682733082,6
real_world_37,default_covering,covering,default,30,9,zero,7.466666666666667,0.5693685312296055,9
real_world_37,default_covering,covering,default,30,10,prophet,8.15,0.515698750838876,10
real_world_37,default_covering,covering,default,30,11,ecp,8.866666666666667,0.4831973194530982,12
real_world_37,default_covering,covering,default,30,12,cpnp,8.95,0.49399856904619355,11
real_world_37,default_covering,covering,default,30,13,rfpop,11.683333333333334,0.3480130405966859,13
real_world_37,default_covering,covering,default,30,14,wbs,12.15,0.2624242833529539,14
real_world_37,default_covering,covering,default,30,15,kcpa,14.883333333333333,0.07085981678728759,15
real_world_37,oracle_f_measure,f_measure,oracle,32,1,bocpd,4.234375,0.8859269025705003,1
real_world_37,oracle_f_measure,f_measure,oracle,32,2,binseg,4.609375,0.8727989360682464,3
real_world_37,oracle_f_measure,f_measure,oracle,32,3,segneigh,4.671875,0.875223952446736,2
real_world_37,oracle_f_measure,f_measure,oracle,32,4,rfpop,4.921875,0.8700825374583238,4
real_world_37,oracle_f_measure,f_measure,oracle,32,5,pelt,5.3125,0.8638175718374506,5
real_world_37,oracle_f_measure,f_measure,oracle,32,6,saa_change_point_adapter_v1,5.796875,0.8508343610464295,6
real_world_37,oracle_f_measure,f_measure,oracle,32,7,cpnp,6.359375,0.8447109594796589,7
real_world_37,oracle_f_measure,f_measure,oracle,32,8,ecp,7.375,0.7733701136607138,9
real_world_37,oracle_f_measure,f_measure,oracle,32,9,amoc,8.296875,0.773444505205154,8
real_world_37,oracle_f_measure,f_measure,oracle,32,10,kcpa,10.015625,0.6860157548701007,10
real_world_37,oracle_f_measure,f_measure,oracle,32,11,rbocpdms,10.21875,0.6766990228715234,11
real_world_37,oracle_f_measure,f_measure,oracle,32,12,bocpdms,10.65625,0.6594856751536493,12
real_world_37,oracle_f_measure,f_measure,oracle,32,13,zero,11.5625,0.6451265789675241,13
real_world_37,oracle_f_measure,f_measure,oracle,32,14,wbs,12.609375,0.48239769122906223,15
real_world_37,oracle_f_measure,f_measure,oracle,32,15,prophet,13.359375,0.5023115045015997,14
real_world_37,oracle_covering,covering,oracle,32,1,bocpd,4.4375,0.7827116629650728,2
real_world_37,oracle_covering,covering,oracle,32,2,rfpop,4.984375,0.7840978639870857,1
real_world_37,oracle_covering,covering,oracle,32,3,segneigh,5.390625,0.776880602372619,3
real_world_37,oracle_covering,covering,oracle,32,4,binseg,5.59375,0.7741392687054313,4
real_world_37,oracle_covering,covering,oracle,32,5,saa_change_point_adapter_v1,5.765625,0.7678584327358421,6
real_world_37,oracle_covering,covering,oracle,32,6,pelt,5.875,0.7723821424347459,5
real_world_37,oracle_covering,covering,oracle,32,7,cpnp,7.0625,0.7591476934644071,7
real_world_37,oracle_covering,covering,oracle,32,8,amoc,7.75,0.7168766764449084,10
real_world_37,oracle_covering,covering,oracle,32,9,ecp,8.015625,0.6934989724680002,11
real_world_37,oracle_covering,covering,oracle,32,10,bocpdms,8.609375,0.7532457256786066,8
real_world_37,oracle_covering,covering,oracle,32,11,rbocpdms,8.875,0.7173629634099417,9
real_world_37,oracle_covering,covering,oracle,32,12,kcpa,10.5,0.6080235201243587,12
real_world_37,oracle_covering,covering,oracle,32,13,zero,11.03125,0.5656251329232252,13
real_world_37,oracle_covering,covering,oracle,32,14,prophet,12.015625,0.5536976307223439,14
real_world_37,oracle_covering,covering,oracle,32,15,wbs,14.09375,0.36645928469803035,15
