scope,analysis_id,metric,mode,dataset_count,opponent,mean_diff,ci95_low,ci95_high,win,tie,loss,sign
all_42,default_f_measure,f_measure,default,35,kcpa,0.5830883366975546,0.49924994997826694,0.66440483271202,34,0,1,SAA higher
all_42,default_f_measure,f_measure,default,35,wbs,0.2823886280194508,0.19310277357664274,0.3748748510753686,29,3,3,SAA higher
all_42,default_f_measure,f_measure,default,35,rbocpdms,0.2492380651142183,0.18172845817380484,0.31525800523287295,30,1,4,SAA higher
all_42,default_f_measure,f_measure,default,35,prophet,0.20635321134281776,0.1317196070962826,0.2828048623175268,24,8,3,SAA higher
all_42,default_f_measure,f_measure,default,35,rfpop,0.19464222208696497,0.09996061283386168,0.29162064510921404,23,4,8,SAA higher
all_42,default_f_measure,f_measure,default,35,bocpdms,0.18616185758204926,0.12709794266335175,0.24608210523639318,27,2,6,SAA higher
all_42,default_f_measure,f_measure,default,35,ecp,0.09638447507197521,0.023318637494426,0.17443138498492453,15,14,6,SAA higher
all_42,default_f_measure,f_measure,default,35,cpnp,0.0874004807552113,0.00853044197839457,0.1671515682221118,21,4,10,SAA higher
all_42,default_f_measure,f_measure,default,35,zero,0.025127497318844706,-0.06231588081496204,0.10502397591236506,13,18,4,CI crosses 0
all_42,default_f_measure,f_measure,default,35,segneigh,0.018550169756340062,-0.05344167895237375,0.09193558490288165,16,5,14,CI crosses 0
all_42,default_f_measure,f_measure,default,35,bocpd,0.004473086959647348,-0.06484449214061036,0.07775124109720961,15,4,16,CI crosses 0
all_42,default_f_measure,f_measure,default,35,amoc,-0.009616288395586635,-0.0928634874671806,0.07047648496495036,14,6,15,CI crosses 0
all_42,default_f_measure,f_measure,default,35,pelt,-0.01589752344473739,-0.08026115522308144,0.04851679614500441,13,6,16,CI crosses 0
all_42,default_f_measure,f_measure,default,35,binseg,-0.05030489544469521,-0.12639150711426028,0.02103197880691819,14,6,15,CI crosses 0
all_42,default_covering,covering,default,35,kcpa,0.5922804140764117,0.5145603239456485,0.6648257264154642,35,0,0,SAA higher
all_42,default_covering,covering,default,35,wbs,0.3240298495619895,0.22516448610269085,0.41920893089798605,28,1,6,SAA higher
all_42,default_covering,covering,default,35,rfpop,0.2618087659692784,0.17177072018397524,0.35050453983001345,26,2,7,SAA higher
all_42,default_covering,covering,default,35,ecp,0.13148742806039054,0.05346243747926245,0.21338867927660252,18,12,5,SAA higher
all_42,default_covering,covering,default,35,cpnp,0.11889486114185607,0.04392213536769549,0.19024294942910838,24,1,10,SAA higher
all_42,default_covering,covering,default,35,prophet,0.11436616175672353,0.04258412234986708,0.18803091930261168,19,8,8,SAA higher
all_42,default_covering,covering,default,35,zero,0.07150883380365426,-0.015112783713480214,0.15575582154994452,13,18,4,CI crosses 0
all_42,default_covering,covering,default,35,bocpdms,0.020565783444686542,-0.037452776030589295,0.07680505883528517,23,0,12,CI crosses 0
all_42,default_covering,covering,default,35,bocpd,0.018216794847199663,-0.05303846249878767,0.09023376290243507,18,2,15,CI crosses 0
all_42,default_covering,covering,default,35,rbocpdms,0.00884303091020373,-0.04119078407700624,0.05496219953319047,23,0,12,CI crosses 0
all_42,default_covering,covering,default,35,segneigh,-0.022174232020822374,-0.08647568712876318,0.04113052647145586,16,1,18,CI crosses 0
all_42,default_covering,covering,default,35,pelt,-0.034562898638178616,-0.09519574003545374,0.02312995900286178,14,1,20,CI crosses 0
all_42,default_covering,covering,default,35,amoc,-0.0473692414835428,-0.12494751440097825,0.02477484359513091,14,3,18,CI crosses 0
all_42,default_covering,covering,default,35,binseg,-0.05156358633081959,-0.12595006676802842,0.01802715266039604,14,1,20,CI crosses 0
all_42,oracle_f_measure,f_measure,oracle,37,wbs,0.337136355786853,0.2547330916131244,0.4253419085113411,33,4,0,SAA higher
all_42,oracle_f_measure,f_measure,oracle,37,prophet,0.3355110884114371,0.26932425665955073,0.405192054184713,32,5,0,SAA higher
all_42,oracle_f_measure,f_measure,oracle,37,bocpdms,0.21047199080149176,0.1482832515474028,0.2701152663408459,31,0,6,SAA higher
all_42,oracle_f_measure,f_measure,oracle,37,zero,0.20749084382829527,0.14677235383129922,0.26863425572066185,28,8,1,SAA higher
all_42,oracle_f_measure,f_measure,oracle,37,rbocpdms,0.20519751325802077,0.1352909522333244,0.27363678430887656,30,1,6,SAA higher
all_42,oracle_f_measure,f_measure,oracle,37,kcpa,0.15968453561442827,0.09447299276061343,0.2272407899342922,28,5,4,SAA higher
all_42,oracle_f_measure,f_measure,oracle,37,ecp,0.07326685027574467,0.01406601774052279,0.14198423665630294,17,10,10,SAA higher
all_42,oracle_f_measure,f_measure,oracle,37,amoc,0.07095364623595525,0.019678483994487045,0.12378950683707494,17,14,6,SAA higher
all_42,oracle_f_measure,f_measure,oracle,37,cpnp,0.00931779389043738,-0.029666376435230454,0.04566343828758186,16,12,9,CI crosses 0
all_42,oracle_f_measure,f_measure,oracle,37,pelt,-0.007206843824409411,-0.04513982283430194,0.02964733788178198,9,17,11,CI crosses 0
all_42,oracle_f_measure,f_measure,oracle,37,rfpop,-0.014333394177690651,-0.05087742740852486,0.021055772243786314,9,16,12,CI crosses 0
all_42,oracle_f_measure,f_measure,oracle,37,binseg,-0.016682711894380545,-0.05022099616100181,0.014554248358307318,9,15,13,CI crosses 0
all_42,oracle_f_measure,f_measure,oracle,37,segneigh,-0.01707182164865631,-0.0523349644989464,0.016196349587319865,9,15,13,CI crosses 0
all_42,oracle_f_measure,f_measure,oracle,37,bocpd,-0.026328427161101068,-0.06476259531354767,0.011786838476934933,9,13,15,CI crosses 0
all_42,oracle_covering,covering,oracle,37,wbs,0.3625783205423303,0.29028951223538896,0.4363348054796083,36,1,0,SAA higher
all_42,oracle_covering,covering,oracle,37,prophet,0.2147334075003883,0.1611850902140961,0.2729342685208606,32,5,0,SAA higher
all_42,oracle_covering,covering,oracle,37,zero,0.2118476307058878,0.14659825457944534,0.2786744364226399,27,8,2,SAA higher
all_42,oracle_covering,covering,oracle,37,kcpa,0.1545182839900703,0.1010717187010552,0.2086924367274547,26,5,6,SAA higher
all_42,oracle_covering,covering,oracle,37,ecp,0.07050186128332438,0.01998074771410897,0.1317238650421626,20,9,8,SAA higher
all_42,oracle_covering,covering,oracle,37,rbocpdms,0.04677148137765639,0.0143082227081862,0.08659850311109446,28,2,7,SAA higher
all_42,oracle_covering,covering,oracle,37,amoc,0.044626024849868814,0.00580175072951617,0.08657470142792695,15,13,9,SAA higher
all_42,oracle_covering,covering,oracle,37,bocpdms,0.015737741037189463,-0.017601180545164102,0.048161732743883585,27,0,10,CI crosses 0
all_42,oracle_covering,covering,oracle,37,cpnp,0.01018733242795566,-0.018336256248117216,0.03634293504649117,21,7,9,CI crosses 0
all_42,oracle_covering,covering,oracle,37,pelt,-0.0012586774923372844,-0.0295827825110237,0.02585154947460859,17,8,12,CI crosses 0
all_42,oracle_covering,covering,oracle,37,binseg,-0.0029110382096197472,-0.032394813064297076,0.02302999374098051,16,9,12,CI crosses 0
all_42,oracle_covering,covering,oracle,37,segneigh,-0.0052819213812415325,-0.03480672161079131,0.021622068992873732,15,9,13,CI crosses 0
all_42,oracle_covering,covering,oracle,37,bocpd,-0.010457238830836874,-0.038456842359281644,0.015814615272709324,10,13,14,CI crosses 0
all_42,oracle_covering,covering,oracle,37,rfpop,-0.011391193429496103,-0.03860882184677866,0.0113213678978666,16,8,13,CI crosses 0
real_world_37,default_f_measure,f_measure,default,30,kcpa,0.5380794448374387,0.4542246275633637,0.6177872277927847,29,0,1,SAA higher
real_world_37,default_f_measure,f_measure,default,30,wbs,0.31085481957323563,0.21980343017009368,0.4047581878417447,27,1,2,SAA higher
real_world_37,default_f_measure,f_measure,default,30,rbocpdms,0.24026276135984648,0.1714929360384805,0.30760779775099434,26,0,4,SAA higher
real_world_37,default_f_measure,f_measure,default,30,prophet,0.19648196595259873,0.11910307913341538,0.2775193727422787,20,7,3,SAA higher
real_world_37,default_f_measure,f_measure,default,30,rfpop,0.18743973529193533,0.09655232330450292,0.27915042439370386,21,2,7,SAA higher
real_world_37,default_f_measure,f_measure,default,30,bocpdms,0.16930070599184285,0.11095395472571058,0.2275506464829245,23,1,6,SAA higher
real_world_37,default_f_measure,f_measure,default,30,ecp,0.10194285624493975,0.026169518316615528,0.18287518338853756,14,11,5,SAA higher
real_world_37,default_f_measure,f_measure,default,30,cpnp,0.08432356670788314,-1.768825550692321e-05,0.17297705800305088,19,2,9,CI crosses 0
real_world_37,default_f_measure,f_measure,default,30,segneigh,0.033352391031519546,-0.04412567234265597,0.11419407319661369,15,3,12,CI crosses 0
real_world_37,default_f_measure,f_measure,default,30,zero,0.012276118145698234,-0.08312234759423501,0.10354667833496789,11,15,4,CI crosses 0
real_world_37,default_f_measure,f_measure,default,30,bocpd,0.007969743005433322,-0.06815029371295955,0.09080249507783832,14,2,14,CI crosses 0
real_world_37,default_f_measure,f_measure,default,30,amoc,0.003265123855942577,-0.08804590609799559,0.09114824357665066,13,4,13,CI crosses 0
real_world_37,default_f_measure,f_measure,default,30,pelt,-0.0068365843697374825,-0.07506249456014319,0.060544202857712406,12,4,14,CI crosses 0
real_world_37,default_f_measure,f_measure,default,30,binseg,-0.04209813559456865,-0.1267233613607816,0.03484190438479065,13,4,13,CI crosses 0
real_world_37,default_covering,covering,default,30,kcpa,0.5625881292960703,0.484414078562859,0.6391020293892548,30,0,0,SAA higher
real_world_37,default_covering,covering,default,30,wbs,0.3710236627304039,0.2791797280469427,0.46261866859051587,26,0,4,SAA higher
real_world_37,default_covering,covering,default,30,rfpop,0.28543490548667194,0.19902289889386005,0.3721447895677686,24,1,5,SAA higher
real_world_37,default_covering,covering,default,30,ecp,0.15025062663025965,0.07134114701527403,0.23529503195110552,17,10,3,SAA higher
real_world_37,default_covering,covering,default,30,cpnp,0.13944937703716426,0.06195126777503718,0.21636771035506625,22,0,8,SAA higher
real_world_37,default_covering,covering,default,30,prophet,0.11774919524448187,0.04309000845796885,0.19736280590958066,17,7,6,SAA higher
real_world_37,default_covering,covering,default,30,zero,0.06407941485375232,-0.03126535500968383,0.15607906329001223,11,15,4,CI crosses 0
real_world_37,default_covering,covering,default,30,bocpdms,0.04587498219898111,-0.005545853280632257,0.09854809674899961,20,0,10,CI crosses 0
real_world_37,default_covering,covering,default,30,bocpd,0.035502039806882546,-0.039709089606915486,0.11276930749118694,17,0,13,CI crosses 0
real_world_37,default_covering,covering,default,30,rbocpdms,0.03464727781004963,-0.00432622238178369,0.07561053920421944,20,0,10,CI crosses 0
real_world_37,default_covering,covering,default,30,segneigh,-0.007426662366552704,-0.0684640835424499,0.05784948787127067,14,0,16,CI crosses 0
real_world_37,default_covering,covering,default,30,pelt,-0.02188010675346832,-0.07844513440460021,0.0354566835783785,12,0,18,CI crosses 0
real_world_37,default_covering,covering,default,30,amoc,-0.03598408050849999,-0.11507370797139121,0.04049815863364659,12,2,16,CI crosses 0
real_world_37,default_covering,covering,default,30,binseg,-0.042385415426018314,-0.12039183111626833,0.03053619793231996,12,0,18,CI crosses 0
real_world_37,oracle_f_measure,f_measure,oracle,32,wbs,0.36843666981736733,0.27959120322718883,0.4610199680723053,31,1,0,SAA higher
real_world_37,oracle_f_measure,f_measure,oracle,32,prophet,0.3485228565448299,0.27633200548094056,0.42259000083044246,28,4,0,SAA higher
real_world_37,oracle_f_measure,f_measure,oracle,32,zero,0.20570778207890542,0.13878965384564226,0.2755038375047254,24,7,1,SAA higher
real_world_37,oracle_f_measure,f_measure,oracle,32,bocpdms,0.1913486858927803,0.12220342915019075,0.2578348725767441,26,0,6,SAA higher
real_world_37,oracle_f_measure,f_measure,oracle,32,rbocpdms,0.17413533817490615,0.10131273996323142,0.24522755778098526,25,1,6,SAA higher
real_world_37,oracle_f_measure,f_measure,oracle,32,kcpa,0.16481860617632882,0.09143546478543939,0.23906682103831867,26,2,4,SAA higher
real_world_37,oracle_f_measure,f_measure,oracle,32,ecp,0.07746424738571575,0.009917164524217195,0.1521913018697045,16,6,10,SAA higher
real_world_37,oracle_f_measure,f_measure,oracle,32,amoc,0.07738985584127564,0.01920359943017421,0.13805205390341438,16,10,6,SAA higher
real_world_37,oracle_f_measure,f_measure,oracle,32,cpnp,0.006123401566770603,-0.036547259772658464,0.04799875485604269,15,8,9,CI crosses 0
real_world_37,oracle_f_measure,f_measure,oracle,32,pelt,-0.012983210791020997,-0.05551861738421016,0.029180778081540824,8,13,11,CI crosses 0
real_world_37,oracle_f_measure,f_measure,oracle,32,rfpop,-0.019248176411894205,-0.06125505437084449,0.02365160062079483,8,12,12,CI crosses 0
real_world_37,oracle_f_measure,f_measure,oracle,32,binseg,-0.021964575021816896,-0.05992507821587427,0.013954513749960077,8,11,13,CI crosses 0
real_world_37,oracle_f_measure,f_measure,oracle,32,segneigh,-0.024389591400306474,-0.06378512272225491,0.013047424577269427,8,11,13,CI crosses 0
real_world_37,oracle_f_measure,f_measure,oracle,32,bocpd,-0.03509254152407072,-0.07787512410831524,0.008769888372537659,8,9,15,CI crosses 0
real_world_37,oracle_covering,covering,oracle,32,wbs,0.40139914803781174,0.3294100711700425,0.4735072413476173,32,0,0,SAA higher
real_world_37,oracle_covering,covering,oracle,32,prophet,0.21416080201349819,0.15493984308411626,0.27663025045814627,28,4,0,SAA higher
real_world_37,oracle_covering,covering,oracle,32,zero,0.20223329981261684,0.13297628073261505,0.27316173040958536,23,7,2,SAA higher
real_world_37,oracle_covering,covering,oracle,32,kcpa,0.15983491261148344,0.10040772144699835,0.2193462849260101,24,2,6,SAA higher
real_world_37,oracle_covering,covering,oracle,32,ecp,0.0743594602678419,0.017343602946122562,0.14231657133299944,17,7,8,SAA higher
real_world_37,oracle_covering,covering,oracle,32,amoc,0.050981756290933676,0.007665155122074936,0.09882443215945003,13,10,9,SAA higher
real_world_37,oracle_covering,covering,oracle,32,rbocpdms,0.0504954693259004,0.01355543059110998,0.0969844044573898,23,2,7,SAA higher
real_world_37,oracle_covering,covering,oracle,32,bocpdms,0.01461270705723551,-0.024078013188094504,0.05273010212402938,22,0,10,CI crosses 0
real_world_37,oracle_covering,covering,oracle,32,cpnp,0.008710739271434929,-0.023559523439787743,0.03862882428349933,17,6,9,CI crosses 0
real_world_37,oracle_covering,covering,oracle,32,pelt,-0.00452370969890379,-0.036295792399207064,0.025866972974148576,13,7,12,CI crosses 0
real_world_37,oracle_covering,covering,oracle,32,binseg,-0.00628083596958923,-0.03984421057730436,0.02291511933758996,13,7,12,CI crosses 0
real_world_37,oracle_covering,covering,oracle,32,segneigh,-0.00902216963677692,-0.04223280976967267,0.02108154145683805,12,7,13,CI crosses 0
real_world_37,oracle_covering,covering,oracle,32,bocpd,-0.014853230229230723,-0.046467299392407437,0.014227274592754706,9,9,14,CI crosses 0
real_world_37,oracle_covering,covering,oracle,32,rfpop,-0.016239431251243674,-0.0471945624507756,0.009502938470689094,12,7,13,CI crosses 0
